{"accuracy": [0.4682299494743347, 0.6293494701385498, 0.7125567197799683, 0.8003025650978088, 0.8472012281417847, 0.8925870060920715, 0.9205749034881592, 0.9447806477546692, 0.9644477963447571, 0.9583963751792908], "loss": [1.0771710872650146, 0.7336635589599609, 0.6373492479324341, 0.48883166909217834, 0.39186999201774597, 0.2723013460636139, 0.21207354962825775, 0.16940592229366302, 0.11525692790746689, 0.1145501434803009], "val_accuracy": [0.5166666507720947, 0.7666666507720947, 0.7666666507720947, 0.800000011920929, 0.8666666746139526, 0.7833333611488342, 0.800000011920929, 0.8500000238418579, 0.8999999761581421, 0.9166666865348816], "val_loss": [0.9238540530204773, 0.545132040977478, 0.6084226965904236, 0.5343889594078064, 0.40423938632011414, 0.47986990213394165, 0.43635907769203186, 0.40257665514945984, 0.40140965580940247, 0.36813411116600037]}